INSERT INTO USUARIO (ID, LOGIN, SENHA) VALUES (NEXTVAL('USUARIO_SEQ'), 'joao', '1234');


INSERT INTO CATEGORIA (ID, DESCRICAO) VALUES 
(1, 'Alimentação'),
(2, 'Transporte'),
(3, 'Moradia'),
(4, 'Salário'),
(5, 'Outros');


INSERT INTO ITEM_COMPRA(ID, DESCRICAO, USUARIO_ID) VALUES 
(1, 'Arroz', 1),
(2, 'Feijão', 1),
(3, 'Picanha', 1),
(4, 'Uva', 1),
(5, 'Batata', 1),
(6, 'Cerveja', 1),
(7, 'Queijo', 1),
(8, 'Pão', 1),
(9, 'Papel Higiênico', 1),
(10, 'Sabonete', 1);

INSERT INTO TRANSACAO_FINANCEIRA (ID, DESCRICAO, TIPO, RECORRENTE, VALOR, DATA, USUARIO_ID, CATEGORIA_ID) VALUES 
(1, 'Salário', 'RECEITA', true, 5000.00, '2025-04-01', 1, 4),
(2, 'Aluguel', 'DESPESA', true, 1500.00, '2025-04-03', 1, 3),
(3, 'Internet', 'DESPESA', true, 100.00, '2025-04-05', 1, 3),
(4, 'Venda de TV', 'RECEITA', false, 250.00, '2025-04-10', 1, 5),
(5, 'Picanha', 'DESPESA', false, 120.00, '2025-04-11', 1, 1),
(6, 'Gasolina', 'DESPESA', false, 80.00, '2025-04-12', 1, 2),
(7, 'Jantar fora', 'DESPESA', false, 60.00, '2025-04-30', 1, 1),
(8, 'Arroz', 'DESPESA', false, 5.00, '2025-04-15', 1, 1),
(9, 'Feijão', 'DESPESA', false, 10.00, '2025-04-20', 1, 1),
(10, 'Site Freelancer', 'RECEITA', false, 300.00, '2025-04-25', 1, 5),
(11, 'Uber', 'DESPESA', false, 15.00, '2025-04-28', 1, 2),

(12, 'Salário', 'RECEITA', true, 5000.00, '2025-03-01', 1, 4),
(13, 'Aluguel', 'DESPESA', true, 1500.00, '2025-03-03', 1, 3),
(14, 'Internet', 'DESPESA', true, 100.00, '2025-03-05', 1, 3),
(15, 'Sabonete', 'DESPESA', false, 30.00, '2025-03-10', 1, 5),
(16, 'Cenoura', 'DESPESA', false, 5.00, '2025-03-11', 1, 1),
(17, 'Gasolina', 'DESPESA', false, 80.00, '2025-03-12', 1, 2),
(18, 'Conta de Luz', 'DESPESA', false, 280.00, '2025-03-15', 1, 3),
(19, 'Conta de Água', 'DESPESA', false, 67.00, '2025-03-20', 1, 3),
(20, 'Frango', 'DESPESA', false, 300.00, '2025-03-25', 1, 5),
(21, 'Uber', 'DESPESA', false, 15.00, '2025-03-28', 1, 2),
(22, 'Almoço fora', 'DESPESA', false, 60.00, '2025-03-30', 1, 1),


(23, 'Salário', 'RECEITA', true, 5000.00, '2025-02-01', 1, 4),
(24, 'Aluguel', 'DESPESA', true, 1500.00, '2025-02-03', 1, 3),
(25, 'Internet', 'DESPESA', true, 100.00, '2025-02-05', 1, 3),
(26, 'Cerveja', 'DESPESA', false, 50.00, '2025-02-10', 1, 1),
(27, 'Queijo', 'DESPESA', false, 35.00, '2025-02-11', 1, 1),
(28, 'Leite', 'DESPESA', false, 25.00, '2025-02-12', 1, 1),
(29, 'Conta de Luz', 'DESPESA', false, 213.00, '2025-02-15', 1, 3),
(30, 'Conta de Água', 'DESPESA', true, 48.00, '2025-02-20', 1, 3),
(31, 'Ovos', 'DESPESA', false, 33.00, '2025-02-25', 1, 1),
(32, 'Uber', 'DESPESA', false, 12.00, '2025-02-28', 1, 2),
(33, 'Jantar fora', 'DESPESA', false, 68.00, '2025-02-27', 1, 1),


(34, 'Salário', 'RECEITA', true, 5000.00, '2025-01-01', 1, 4),
(35, 'Aluguel', 'DESPESA', true, 1500.00, '2025-01-03', 1, 3),
(36, 'Internet', 'DESPESA', true, 100.00, '2025-01-05', 1, 3),
(37, 'Erva-Mate', 'DESPESA', false, 17.00, '2025-01-10', 1, 1),
(38, 'Carvão', 'DESPESA', false, 23.00, '2025-01-11', 1, 1),
(39, 'Arroz', 'DESPESA', false, 6.00, '2025-01-12', 1, 1),
(40, 'Conta de Luz', 'DESPESA', false, 186.00, '2025-01-15', 1, 3),
(41, 'Conta de Água', 'DESPESA', false, 82.00, '2025-01-20', 1, 3),
(42, 'Feijão', 'RECEITA', false, 12.00, '2025-01-25', 1, 5),
(43, 'Uber', 'DESPESA', false, 28.00, '2025-01-28', 1, 2),
(44, 'Jantar fora', 'DESPESA', false, 210.00, '2025-01-30', 1, 1),

(45, 'Salário', 'RECEITA', true, 5000.00, '2024-12-01', 1, 4),
(46, 'Aluguel', 'DESPESA', true, 1500.00, '2024-12-03', 1, 3),
(47, 'Internet', 'DESPESA', true, 100.00, '2024-12-05', 1, 3),
(48, 'Arroz', 'DESPESA', false, 7.00, '2024-12-10', 1, 5),
(49, 'Picanha', 'DESPESA', false, 120.00, '2024-12-11', 1, 1),
(50, 'Gasolina', 'DESPESA', false, 80.00, '2024-12-12', 1, 2),
(51, 'Conta de Luz', 'DESPESA', false, 222.00, '2024-12-15', 1, 3),
(52, 'Conta de Água', 'DESPESA', false, 81.00, '2024-12-20', 1, 3),
(53, 'Faijão', 'DESPESA', false, 18.00, '2024-12-25', 1, 5),
(54, 'Frango', 'DESPESA', false, 23.00, '2024-12-28', 1, 2),
(55, 'Açucar', 'DESPESA', false, 5.00, '2024-12-30', 1, 1),

(56, 'Salário', 'RECEITA', true, 5000.00, '2024-11-01', 1, 4),
(57, 'Aluguel', 'DESPESA', true, 1500.00, '2024-11-03', 1, 3),
(58, 'Internet', 'DESPESA', true, 100.00, '2024-11-05', 1, 3),
(59, 'Arroz', 'DESPESA', false, 5.00, '2024-11-10', 1, 5),
(60, 'Frango', 'DESPESA', false, 20.00, '2024-11-11', 1, 1),
(61, 'Erva-Mate', 'DESPESA', false, 17.00, '2024-11-12', 1, 2),
(62, 'Conta de Luz', 'DESPESA', false, 240.00, '2024-11-15', 1, 3),
(63, 'Conta de Água', 'DESPESA', false, 76.00, '2024-11-20', 1, 3),
(64, 'Papel Higiênico', 'DESPESA', false, 33.00, '2024-11-25', 1, 5),
(65, 'Ovos', 'DESPESA', false, 40.00, '2024-11-28', 1, 2),
(66, 'Batata', 'DESPESA', false, 15.00, '2024-11-30', 1, 1),

(67, 'Salário', 'RECEITA', true, 5000.00, '2024-10-01', 1, 4),
(68, 'Aluguel', 'DESPESA', true, 1500.00, '2024-10-03', 1, 3),
(69, 'Internet', 'DESPESA', true, 100.00, '2024-10-05', 1, 3),
(70, 'Ingresso de Show', 'DESPESA', false, 250.00, '2024-10-10', 1, 5),
(71, 'Tomate', 'DESPESA', false, 10.00, '2024-10-11', 1, 1),
(72, 'Sorvete', 'DESPESA', false, 19.00, '2024-10-12', 1, 2),
(73, 'Conta de Luz', 'DESPESA', false, 264.00, '2024-10-15', 1, 3),
(74, 'Conta de Água', 'DESPESA', false, 82.00, '2024-10-20', 1, 3),
(75, 'Alho', 'DESPESA', false, 20.00, '2024-10-25', 1, 5),
(76, 'Cerveja', 'DESPESA', false, 45.00, '2024-10-28', 1, 2),
(77, 'Pão', 'DESPESA', false, 10.00, '2024-10-30', 1, 1);